ID 1,Primer 1 sequence,Tm 1,ID 2,Primer 2 sequence,Tm 2,Anneal temp,Notes
Left_7839_Num_0,TGGCAGAGCTGAAAGAGGAG,65,Right_7839_Num_0,ACGCTCAGTGGAACGAAAAC ,64,64,OK
Left_7839_Num_1,GAATGTGGTGAAGTCTGCCC,65,Right_7839_Num_1,CCGCTGTTGAGATCCAGTTC ,65,65,OK
Left_7839_Num_2,TATGCTTCCGGCTCGTATGT,64,Right_7839_Num_2,TCGGTGATGACGGTGAAAAC ,66,64,OK
Left_7839_Num_3,TTCCATTGCAAGTCTGAGCC,65,Right_7839_Num_3,GTGGCGCTTTCTCATAGCTC ,64,64,OK
Left_7839_Num_4,ATGGCCTTCAGCTATTGCCT,65,Right_7839_Num_4,TCAAGTCAGAGGTGGCGAAA ,66,65,OK
Left_6389_Num_0,GGGCAAGTATCGTTTCCACC,65,Right_6389_Num_0,GCTCTTGATCCGGCAAACAA ,67,65,OK
Left_6389_Num_1,TCCTCTTCAAAAGGCCACCT,65,Right_6389_Num_1,GCCGGGAAGCTAGAGTAAGT ,61,61,OK
Left_6389_Num_2,CCTTTACCGCTGATTCGTGG,67,Right_6389_Num_2,GTCCTGCAACTTTATCCGCC ,66,66,OK
Left_6389_Num_3,GGGCCATTGTTTCTCTGTGG,67,Right_6389_Num_3,GTAAAACGACGGCCAGTGAA ,65,65,OK
Left_6389_Num_4,CGGCTTGGTGTTCTTTCAGT,64,Right_6389_Num_4,AGGCACCTATCTCAGCGATC ,63,63,OK
Left_5260_Num_0,CGTTGAGCCGACTATTCGTG,66,Right_5260_Num_0,AGATGATCTCCATGGCTGCA ,66,66,OK
Left_5260_Num_1,CACGTTGAGCCGACTATTCG,66,Right_5260_Num_1,ATGATCTCCATGGCTGCAGA ,66,66,OK
Left_5260_Num_2,CCTCTTCAAAAGGCCACCTG,66,Right_5260_Num_2,GATGTGCTGCAAGGCGATTA ,66,66,OK
Left_5260_Num_3,CGTGATGTCTGCATGGAGAC,65,Right_5260_Num_3,CGCTGTTGAGATCCAGTTCG ,66,65,OK
Left_5260_Num_4,ACAACAGCCAGTTCCATTGC,65,Right_5260_Num_4,GGAATATGGTGCAGCAGCTC ,65,65,OK
Left_4452_Num_0,GGTGAAAGACCTGGGCAAAG,66,Right_4452_Num_0,AGATCGGCTGAACTCCACAA ,65,65,OK
Left_4452_Num_1,GCTCATCCTTCTGCTGATGC,65,Right_4452_Num_1,CCCCAGTGCTGCAATGATAC ,65,65,OK
Left_4452_Num_2,TTATAAGGGGAGCGGTGACC,65,Right_4452_Num_2,ACATGTGAGCAAAAGGCCAG ,65,65,OK
Left_4452_Num_3,GCCTGGCCAGAATGCAATAA,67,Right_4452_Num_3,CTAGAGCAGTCGTCCACACA ,62,62,OK
Left_4452_Num_4,GGGGCCATTGTTTCTCTGTG,67,Right_4452_Num_4,TCGCCTTCATTAAACCACGC ,67,67,OK
Left_3820_Num_0,CAGTGCAGTCTCCTCATCCA,64,Right_3820_Num_0,CCTGCAACTTTATCCGCCTC ,66,64,OK
Left_3820_Num_1,ACAACTGGCGTAATCATGGC,65,Right_3820_Num_1,GAGTACTGGGGCTAGGCAAA ,63,63,OK
Left_3820_Num_2,TGAATGGAACCAGCAACAGC,66,Right_3820_Num_2,TCAGCAATAAACCAGCCAGC ,65,65,OK
Left_3820_Num_3,TCCTCTTCAAAAGGCCACCT,65,Right_3820_Num_3,CCCGGTTCTTGCAGTTTCTC ,66,65,OK
Left_3820_Num_4,CTTCGGGGCCATTGTTTCTC,68,Right_3820_Num_4,GTGGATGAGGAGACTGCACT ,62,62,OK--Tm difference is greater than the recommended limit of 5 °C. 
Left_3358_Num_0,GTCGCGTCTGGCAAAAGTTA,65,Right_3358_Num_0,TTATCCGCCTCCATCCAGTC ,66,65,OK
Left_3358_Num_1,CTCCGCAATTACACGCAAGA,66,Right_3358_Num_1,CATCCACACCGTTGACACAG ,65,65,OK
Left_3358_Num_2,TGAATGGAACCAGCAACAGC,66,Right_3358_Num_2,GCGCCACATAGCAGAACTTT ,64,64,OK
Left_3358_Num_3,CCTTAACTTTGCCCACCTGC,66,Right_3358_Num_3,TAAGCATCCCGGAACAGTGT ,64,64,OK
Left_3358_Num_4,CGAATCCGCTTTCAGACGTT,66,Right_3358_Num_4,ATTGTTGCCGGGAAGCTAGA ,66,66,OK
Left_2937_Num_0,GGGAAACACTGCCCTTTCAG,66,Right_2937_Num_0,TGCTATCTCCTTTTCCGCCA ,67,66,OK
Left_2937_Num_1,CTTCTTGTTTGCCTAGCCCC,65,Right_2937_Num_1,CTTGTCTGTAAGCGGATGCC ,65,65,OK
Left_2937_Num_2,GGAGGTGGGAATATCCTGCA,66,Right_2937_Num_2,CCGCTCCCCTTATAAACCCA ,67,66,OK
Left_2937_Num_3,GGGACCTTCATCTGCGAGTA,64,Right_2937_Num_3,CAGCAGATTACGCGCAGAAA ,66,64,OK
Left_2937_Num_4,GGCTACAGCTCTACCGAACA,62,Right_2937_Num_4,CGCTCAGTGGAACGAAAACT ,64,62,OK
Left_2660_Num_0,CTGGGAAACACTGCCCTTTC,66,Right_2660_Num_0,CCATGCAGACATCACGAAGG ,67,66,OK
Left_2660_Num_1,ATGACTTCGCCTTCTTCCCA,66,Right_2660_Num_1,ACTGTGGATGAGGAGACTGC ,62,62,OK
Left_2660_Num_2,TGGCTTCTACCTTCACCGTT,64,Right_2660_Num_2,GTTGATGAAGCGGCTGATGT ,65,64,OK
Left_2660_Num_3,GGCATGATTCTGTTCCGCAT,67,Right_2660_Num_3,CTAGAGCAGTCGTCCACACA ,62,62,OK
Left_2660_Num_4,TTCAGGTATTCGTCAGCCGT,65,Right_2660_Num_4,GCATCAGCAGAAGGATGAGC ,65,65,OK
Left_2384_Num_0,ATCTGCGCCCATATCATCCA,67,Right_2384_Num_0,GCTGTTGCTGGTTCCATTCA ,66,66,OK
Left_2384_Num_1,GATATCCCGGCACTGTCAGA,65,Right_2384_Num_1,TTGTAAAACGACGGCCAGTG ,66,65,OK
Left_2384_Num_2,ACATCAGCCGCTTCATCAAC,65,Right_2384_Num_2,CCTGCAACTTTATCCGCCTC ,66,65,OK
Left_2384_Num_3,CTAGCCCCAGTACTCCAGTG,61,Right_2384_Num_3,TGGAATACGCCACCTGACTT ,64,61,OK
Left_2384_Num_4,TTAACAGGCTGCGGCATTTT,66,Right_2384_Num_4,GCACATGCAGACGTAACCAA ,65,65,OK
Left_2107_Num_0,GGCATGATTCTGTTCCGCAT,67,Right_2107_Num_0,CATAGGACTCAGCGGTCAGT ,62,62,OK
Left_2107_Num_1,AAACCAATGGTGTCGCCTTC,66,Right_2107_Num_1,ACAGGCAGTTGGAGCTAGAG ,61,61,OK
Left_2107_Num_2,GGGCCATTGTTTCTCTGTGG,67,Right_2107_Num_2,ATAGAGATGGTCTTGGGGCG ,65,65,OK
Left_2107_Num_3,AAGAACCGGGTCGTACAGAG,63,Right_2107_Num_3,GATGTAACCCACTCGTGCAC ,63,63,OK
Left_2107_Num_4,GAACTGACCGCTGAGTCCTA,62,Right_2107_Num_4,TTGTAAAACGACGGCCAGTG ,66,62,OK
Left_1905_Num_0,CCTCCGCTGATTTTCGAGTG,67,Right_1905_Num_0,AAAGTGCCACCTGACGTCTA ,62,62,OK
Left_1905_Num_1,ACTGGCCGTCGTTTTACAAC,64,Right_1905_Num_1,GAGTCCAACCCGGTAAGACA ,64,64,OK
Left_1905_Num_2,GCCATTGCCGGATCATTCTT,68,Right_1905_Num_2,GCTCTTGATCCGGCAAACAA ,67,67,OK
Left_1905_Num_3,GAATTCACTGGCCGTCGTTT,66,Right_1905_Num_3,AACCCGGTAAGACACGACTT ,62,62,OK
Left_1905_Num_4,ACCGGATCTGCACAACATTG,66,Right_1905_Num_4,TACTGGGGCTAGGCAAACAA ,64,64,OK
Left_1750_Num_0,GGTGAAAGACCTGGGCAAAG,66,Right_1750_Num_0,TCTTGCGTGTAATTGCGGAG ,66,66,OK
Left_1750_Num_1,ACTGGCCGTCGTTTTACAAC,64,Right_1750_Num_1,GCTGAAGCCAGTTACCTTCG ,64,64,OK
Left_1750_Num_2,GCTGGCGTAATAGCGAAGAG,64,Right_1750_Num_2,AGGTATGTAGGCGGTGCTAC ,61,61,OK
Left_1750_Num_3,GATATCCCGGCACTGTCAGA,65,Right_1750_Num_3,TGAACCAAAACAGCACAGCA ,66,65,OK
Left_1750_Num_4,TGATGCTGAGGCTGATGTGA,66,Right_1750_Num_4,AAACAAATAGGGGTTCCGCG ,67,66,OK
Left_1596_Num_0,CACTGGCCGTCGTTTTACAA,66,Right_1596_Num_0,ACGCTCAGTGGAACGAAAAC ,64,64,OK
Left_1596_Num_1,CAGCCAGTTCCATTGCAAGT,65,Right_1596_Num_1,TGCTATCTCCTTTTCCGCCA ,67,65,OK
Left_1596_Num_2,AAAGGCCACCTGTTACTGGT,62,Right_1596_Num_2,TGTTGAAGGCGACACCATTG ,67,62,OK
Left_1596_Num_3,GGCACTTTTCGGGGAAATGT,67,Right_1596_Num_3,ATACCTGTCCGCCTTTCTCC ,64,64,OK
Left_1596_Num_4,ACTGGCCGTCGTTTTACAAC,64,Right_1596_Num_4,GACGCTCAGTGGAACGAAAA ,65,64,OK
Left_1459_Num_0,TCCGGACAGTACGTGGAAAA,65,Right_1459_Num_0,ATGGGAAGAAGGCGAAGTCA ,66,65,OK
Left_1459_Num_1,TTCCGGACAGTACGTGGAAA,65,Right_1459_Num_1,TGGGAAGAAGGCGAAGTCAT ,66,65,OK
Left_1459_Num_2,ATCCGGTGCTGGTATGACAA,65,Right_1459_Num_2,TGTATACGGGGAGTTCTGGC ,64,64,OK
Left_1459_Num_3,CTCCAGTGCAGTCTCCTCAT,62,Right_1459_Num_3,GTTGATGAAGCGGCTGATGT ,65,62,OK
Left_1459_Num_4,GGAGAAACTGCAAGAACCGG,66,Right_1459_Num_4,GTGCTGCAAGGCGATTAAGT ,64,64,OK
Left_1353_Num_0,CTGGGAAACACTGCCCTTTC,66,Right_1353_Num_0,GAACTGGCTGTTGTTACCGG ,64,64,OK
Left_1353_Num_1,CAGCTGGCGTAATAGCGAAG,65,Right_1353_Num_1,GAGGCACCTATCTCAGCGAT ,63,63,OK
Left_1353_Num_2,TTCCGGACAGTACGTGGAAA,65,Right_1353_Num_2,ATTAGGCAGAGACAGGCGAA ,64,64,OK
Left_1353_Num_3,TCCGGACAGTACGTGGAAAA,65,Right_1353_Num_3,GATTAGGCAGAGACAGGCGA ,64,64,OK
Left_1353_Num_4,TGCAGTCTCCTCATCCACAG,64,Right_1353_Num_4,ACATCAGCCTCAGCATCAGA ,64,64,OK
Left_1247_Num_0,GGGCCATTGTTTCTCTGTGG,67,Right_1247_Num_0,CCACGAATCAGCGGTAAAGG ,67,67,OK
Left_1247_Num_1,GAATTCACTGGCCGTCGTTT,66,Right_1247_Num_1,CTGCAACTTTATCCGCCTCC ,66,66,OK
Left_1247_Num_2,TGGCACTTTTCGGGGAAATG,69,Right_1247_Num_2,GCTCTTGATCCGGCAAACAA ,67,67,OK
Left_1247_Num_3,AAATCACCAACTCGTTGCCC,66,Right_1247_Num_3,ATCCCCATTCTGCAATGTGC ,67,66,OK
Left_1247_Num_4,TACAGCTCTACCGAACAGCC,62,Right_1247_Num_4,CGAGAGAAAACAGGATGCCG ,67,62,OK
Left_1153_Num_0,CTAGCCCCAGTACTCCAGTG,61,Right_1153_Num_0,AAATTCCTGGAGCAATCGCC ,67,61,OK--Tm difference is greater than the recommended limit of 5 °C. 
Left_1153_Num_1,CATCGTCTTTGGTGGTTCCC,67,Right_1153_Num_1,TACTGGGGCTAGGCAAACAA ,64,64,OK
Left_1153_Num_2,TGCAAGTCTGAGCCAACATG,65,Right_1153_Num_2,ACGAGTACGGTGGAAACGAT ,63,63,OK
Left_1153_Num_3,TGTATCAGGTGCCGTTGTCA,65,Right_1153_Num_3,AAGTGCCACCTGACGTCTAA ,62,62,OK
Left_1153_Num_4,CTTAATCGCCTTGCAGCACA,66,Right_1153_Num_4,GTTGCCGGGAAGCTAGAGTA ,63,63,OK
Left_1068_Num_0,CCCGAAAACAGTTCTGGCAA,67,Right_1068_Num_0,GTGGATGAGGAGACTGCACT ,62,62,OK
Left_1068_Num_1,TGAATGGAACCAGCAACAGC,66,Right_1068_Num_1,TTGTCATACCAGCACCGGAT ,65,65,OK
Left_1068_Num_2,CTTACTCTAGCTTCCCGGCA,63,Right_1068_Num_2,GGCCAGGAACCGTAAAAAGG ,66,63,OK
Left_1068_Num_3,ATGCTGAGGCTGATGTGAGA,64,Right_1068_Num_3,AAGAATGATCCGGCAATGGC ,68,64,OK
Left_1068_Num_4,CTTCAAGTGGAGCATCAGGC,65,Right_1068_Num_4,AGATCCGGTGTCTTGTCTCC ,63,63,OK
Left_982_Num_0,GATACCCGTCGTGGCTCTAA,64,Right_982_Num_0,TCACCATGTTGGCTCAGACT ,63,63,OK
Left_982_Num_1,CCAAGACCTGCGATTTCCAC,67,Right_982_Num_1,CGAGAGAAAACAGGATGCCG ,67,67,OK
Left_982_Num_2,CCCGTTACCCGAAAAACTGG,67,Right_982_Num_2,GCCTGATGCTCCACTTGAAG ,65,65,OK
Left_982_Num_3,CAACATCAGCCGCTTCATCA,67,Right_982_Num_3,CGGCGGTAAAGAATGATCCG ,68,67,OK
Left_982_Num_4,CCTTCAAAGCCGTCAAGGAG,66,Right_982_Num_4,GGAACTGGCTGTTGTTACCG ,64,64,OK
Left_896_Num_0,GGGAAACACTGCCCTTTCAG,66,Right_896_Num_0,TTCTTCTTTCGTCCCCGTCA ,67,66,OK
Left_896_Num_1,CAGTTGATGCGTGGATGGAG,67,Right_896_Num_1,CTAGAGCAGTCGTCCACACA ,62,62,OK
Left_896_Num_2,TGAATGGAACCAGCAACAGC,66,Right_896_Num_2,CACCGTTGACACAGGGAATG ,66,66,OK
Left_896_Num_3,AAGGGGATGTATGGCGATGT,65,Right_896_Num_3,ACTTGCAATGGAACTGGCTG ,65,65,OK
Left_896_Num_4,GGGACGAAAGAAGAACTGGC,65,Right_896_Num_4,AAGCCTCTGACAGCGAGAAT ,63,63,OK
Left_809_Num_0,CCTACAATGCCGGTGAAAGG,66,Right_809_Num_0,CACTCGAAAATCAGCGGAGG ,67,66,OK
Left_809_Num_1,TATGCTTCCGGCTCGTATGT,64,Right_809_Num_1,TGTCCGGAATACACGACGAT ,65,64,OK
Left_809_Num_2,ACACTGTTCCGGGATGCTTA,64,Right_809_Num_2,AAACGACGGCCAGTGAATTC ,66,64,OK
Left_809_Num_3,GATCGCTGAGATAGGTGCCT,63,Right_809_Num_3,TGCTGGCGTTTTTCCATAGG ,67,63,OK
Left_809_Num_4,TTATAAGGGGAGCGGTGACC,65,Right_809_Num_4,CCCGGTTCTTGCAGTTTCTC ,66,65,OK
Left_744_Num_0,ATCTGCGCCCATATCATCCA,67,Right_744_Num_0,ATGCGGAACAGAATCATGCC ,67,67,OK
Left_744_Num_1,CTCTAGCTCCAACTGCCTGT,61,Right_744_Num_1,TAAGCATCCCGGAACAGTGT ,64,61,OK
Left_744_Num_2,CCGGTAACAACAGCCAGTTC,64,Right_744_Num_2,TGCAGGATATTCCCACCTCC ,66,64,OK
Left_744_Num_3,CACGTTGAGCCGACTATTCG,66,Right_744_Num_3,ATCCGTGTCATCAAGCTCCT ,64,64,OK
Left_744_Num_4,CGACGAACTGTTTCAAGGCT,64,Right_744_Num_4,CTGATTGCTGCCTTGACGTT ,65,64,OK
Left_684_Num_0,GAGGCGGATAAAGTTGCAGG,66,Right_684_Num_0,TGAGTCCAACCCGGTAAGAC ,64,64,OK
Left_684_Num_1,GGAGGCGGATAAAGTTGCAG,66,Right_684_Num_1,GAGTCCAACCCGGTAAGACA ,64,64,OK
Left_684_Num_2,TGATGCTGAGGCTGATGTGA,66,Right_684_Num_2,GGAATATGGTGCAGCAGCTC ,65,65,OK
Left_684_Num_3,GGTATCATTGCAGCACTGGG,65,Right_684_Num_3,TCTCAGTTCGGTGTAGGTCG ,63,63,OK
Left_684_Num_4,ACCCAACTTAATCGCCTTGC,65,Right_684_Num_4,GATGTAACCCACTCGTGCAC ,63,63,OK
Left_629_Num_0,GTGCACGAGTGGGTTACATC,63,Right_629_Num_0,CCCCAGTGCTGCAATGATAC ,65,63,OK
Left_629_Num_1,TATCCATTGAGCATTGCCGC,68,Right_629_Num_1,GATGGCGGTTTTTTCTTGCG ,69,68,OK-- Annealing temperature for experiments with this enzyme should typically not exceed 68°C.
Left_629_Num_2,CCGGTAACAACAGCCAGTTC,64,Right_629_Num_2,ATGGGAAGAAGGCGAAGTCA ,66,64,OK
Left_629_Num_3,CAACATCAGCCGCTTCATCA,67,Right_629_Num_3,GCCATTTGTCGGTGTACCTC ,64,64,OK
Left_629_Num_4,CTCTCAGCCGGGAAAATGTG,67,Right_629_Num_4,AGAAATTGCGGCAATGCTCA ,68,67,OK
Left_577_Num_0,GAGGCGGATAAAGTTGCAGG,66,Right_577_Num_0,GGCCTAACTACGGCTACACT ,60,60,OK--Tm difference is greater than the recommended limit of 5 °C. 
Left_577_Num_1,TATGCTTCCGGCTCGTATGT,64,Right_577_Num_1,TTATCCCGGTGCTTTTTGCC ,68,64,OK
Left_577_Num_2,CTTCCGGCTCGTATGTTGTG,65,Right_577_Num_2,CGTGTTATCCCGGTGCTTTT ,66,65,OK
Left_577_Num_3,GTGCACGAGTGGGTTACATC,63,Right_577_Num_3,TCAGCAATAAACCAGCCAGC ,65,63,OK
Left_577_Num_4,CAGCGCAACACCCTTATCTG,66,Right_577_Num_4,CGGTGCTGACTGAATCATGG ,67,66,OK
Left_528_Num_0,GAGGCGGATAAAGTTGCAGG,66,Right_528_Num_0,GCTGAAGCCAGTTACCTTCG ,64,64,OK
Left_528_Num_1,CTTCTGCTGATGCTGCCAAT,65,Right_528_Num_1,GAGTACTGGGGCTAGGCAAA ,63,63,OK
Left_528_Num_2,GACGTCCACCATGAACATCG,67,Right_528_Num_2,GGAAATCGCAGGTCTTGGTG ,67,67,OK
Left_528_Num_3,CCTTCAAAGCCGTCAAGGAG,66,Right_528_Num_3,AGTTCTTCTTTCGTCCCCGT ,64,64,OK
Left_528_Num_4,GTAGCACCGCCTACATACCT,61,Right_528_Num_4,AGCGGTATCAGCTCACTCAA ,63,61,OK
Left_482_Num_0,ATCGCTGAGATAGGTGCCTC,63,Right_482_Num_0,AACCCGGTAAGACACGACTT ,62,62,OK
Left_482_Num_1,GAATTCACTGGCCGTCGTTT,66,Right_482_Num_1,AAGTGCCACCTGACGTCTAA ,62,62,OK
Left_482_Num_2,CAGTTGATGCGTGGATGGAG,67,Right_482_Num_2,TCATTAAACCACGCCAGCAG ,66,66,OK
Left_482_Num_3,AGGCCACCACTTCAAGAACT,63,Right_482_Num_3,ACATGTGAGCAAAAGGCCAG ,65,63,OK
Left_482_Num_4,GGTATCATTGCAGCACTGGG,65,Right_482_Num_4,TGGCCTAACTACGGCTACAC ,62,62,OK
Left_439_Num_0,GAGGTACACCGACAAATGGC,64,Right_439_Num_0,GAGAAAACAGGATGCCGGTC ,66,64,OK
Left_439_Num_1,TTCGCCTGTCTCTGCCTAAT,64,Right_439_Num_1,TGATATGGGCGCAGATAGCA ,66,64,OK
Left_439_Num_2,GTCTCGCGGTATCATTGCAG,66,Right_439_Num_2,GCTGAAGCCAGTTACCTTCG ,64,64,OK
Left_439_Num_3,GAATGTGGTGAAGTCTGCCC,65,Right_439_Num_3,GAATACACGACGATGGCCAC ,65,65,OK
Left_439_Num_4,GCATCGACCTTCGTGTGAAA,66,Right_439_Num_4,CAGTGAATTCCTGCAGCGTT ,65,65,OK
Left_397_Num_0,AAGTCGTGTCTTACCGGGTT,62,Right_397_Num_0,ACATGTGAGCAAAAGGCCAG ,65,62,OK
Left_397_Num_1,TCCGGACAGTACGTGGAAAA,65,Right_397_Num_1,AGTTCTTCTTTCGTCCCCGT ,64,64,OK
Left_397_Num_2,GATAACCTGTCTGCAGCTGC,63,Right_397_Num_2,GCCTGATGCTCCACTTGAAG ,65,63,OK
Left_397_Num_3,GGTATCATTGCAGCACTGGG,65,Right_397_Num_3,GCTCTTGATCCGGCAAACAA ,67,65,OK
Left_397_Num_4,TGGCCAGAATGCAATAACGG,68,Right_397_Num_4,GCGGCAATGCTCAATGGATA ,68,68,OK
Left_361_Num_0,TACCGGGTTGGACTCAAGAC,64,Right_361_Num_0,GGCCAGGAACCGTAAAAAGG ,66,64,OK
Left_361_Num_1,ATCCGGTGCTGGTATGACAA,65,Right_361_Num_1,TGATGAAGCGGCTGATGTTG ,67,65,OK
Left_361_Num_2,GCCTGTCTCTGCCTAATCCA,64,Right_361_Num_2,GATGGCGGTTTTTTCTTGCG ,69,64,OK
Left_361_Num_3,GCTATTGCCTCTCGGAATGC,66,Right_361_Num_3,GATTAGGCAGAGACAGGCGA ,64,64,OK
Left_361_Num_4,GGCGATACCCGTGCCTATAA,66,Right_361_Num_4,CGATGTTCATGGTGGACGTC ,67,66,OK
Left_325_Num_0,TTGGTTACGTCTGCATGTGC,65,Right_325_Num_0,ATCCCCATTCTGCAATGTGC ,67,65,OK
Left_325_Num_1,AGTTTTCGTTCCACTGAGCG,64,Right_325_Num_1,AACCCGGTAAGACACGACTT ,62,62,OK
Left_325_Num_2,GAAAGAAGAACTGGCGCTCC,65,Right_325_Num_2,CCGTTATTGCATTCTGGCCA ,68,65,OK
Left_325_Num_3,TCCTCTTCAAAAGGCCACCT,65,Right_325_Num_3,GACTGCTACGACCACTGGAT ,62,62,OK
Left_325_Num_4,AATGTGAGGACGCTATGCCT,64,Right_325_Num_4,TCGCCTTCATTAAACCACGC ,67,64,OK
Left_291_Num_0,CTTCAGCAGAGCGCAGATAC,63,Right_291_Num_0,GTGGCGCTTTCTCATAGCTC ,64,63,OK
Left_291_Num_1,TCATCCAGTGGTCGTAGCAG,64,Right_291_Num_1,ATCCCCATTCTGCAATGTGC ,67,64,OK
Left_291_Num_2,GCTGCTGCACCATATTCCTG,66,Right_291_Num_2,ATGTAACTGCGCCGTTAACC ,64,64,OK
Left_291_Num_3,ACAACAGCCAGTTCCATTGC,65,Right_291_Num_3,GCCTGATGCTCCACTTGAAG ,65,65,OK
Left_291_Num_4,GCACATTGCAGAATGGGGAT,67,Right_291_Num_4,TGATTGCTGCCTTGACGTTT ,66,66,OK
Left_263_Num_0,AAGTCAGGTGGCGTATTCCA,64,Right_263_Num_0,TTCCCAGTCACGACGTTGTA ,64,64,OK
Left_263_Num_1,CTCCGCAATTACACGCAAGA,66,Right_263_Num_1,GCACTCGCGGGGATTTATTT ,67,66,OK
Left_263_Num_2,GTGGCACTTTTCGGGGAAAT,67,Right_263_Num_2,GATGTAACCCACTCGTGCAC ,63,63,OK
Left_263_Num_3,TTCCGGACAGTACGTGGAAA,65,Right_263_Num_3,CCAGTTGTACGGACACGAAC ,63,63,OK
Left_263_Num_4,GATAACACTGCGGCCAACTT,64,Right_263_Num_4,CCTGCAACTTTATCCGCCTC ,66,64,OK
Left_235_Num_0,GATATCCCGGCACTGTCAGA,65,Right_235_Num_0,AACGTCTGAAAGCGGATTCG ,66,65,OK
Left_235_Num_1,GAGCTATGAGAAAGCGCCAC,64,Right_235_Num_1,CCAGGAACCGTAAAAAGGCC ,66,64,OK
Left_235_Num_2,CTAGCCCCAGTACTCCAGTG,61,Right_235_Num_2,GGATATCGCTCATCACCGGA ,67,61,OK--Tm difference is greater than the recommended limit of 5 °C. 
Left_235_Num_3,TCCAGTGCAGTCTCCTCATC,63,Right_235_Num_3,TCTGACAGTGCCGGGATATC ,65,63,OK
Left_235_Num_4,ATTCGCCTGTCTCTGCCTAA,64,Right_235_Num_4,ATTCCCACCTCCGGTTAAGG ,66,64,OK
Left_207_Num_0,GGTTAACGGCGCAGTTACAT,64,Right_207_Num_0,GAGAAAACAGGATGCCGGTC ,66,64,OK
Left_207_Num_1,GCCATTGCCGGATCATTCTT,68,Right_207_Num_1,GTAAAACGACGGCCAGTGAA ,65,65,OK
Left_207_Num_2,GGGCAAGTATCGTTTCCACC,65,Right_207_Num_2,AATGTTGTGCAGATCCGGTG ,66,65,OK
Left_207_Num_3,AGGCCACCACTTCAAGAACT,63,Right_207_Num_3,CTCAGTTCGGTGTAGGTCGT ,62,62,OK
Left_207_Num_4,CCTCCGCTGATTTTCGAGTG,67,Right_207_Num_4,CACATCAGCCTCAGCATCAG ,65,65,OK
Left_180_Num_0,AGATCGCTGAGATAGGTGCC,63,Right_180_Num_0,ACGCTCAGTGGAACGAAAAC ,64,63,OK
Left_180_Num_1,CGCGTGAGTTCACCATGATT,66,Right_180_Num_1,CGGTTCAGTTGTTCACCCAG ,66,66,OK
Left_180_Num_2,GTTTTCGTTCCACTGAGCGT,64,Right_180_Num_2,GCTCTGCTGAAGCCAGTTAC ,62,62,OK
Left_180_Num_3,CTGTTTTCTCTCGGTGCCAG,65,Right_180_Num_3,GATGTGCTGCAAGGCGATTA ,66,65,OK
Left_180_Num_4,CGGCATCCTGTTTTCTCTCG,67,Right_180_Num_4,TGCAAGGCGATTAAGTTGGG ,67,67,OK
Left_153_Num_0,AAGTCGTGTCTTACCGGGTT,62,Right_153_Num_0,GGCGCTTTCTCATAGCTCAC ,64,62,OK
Left_153_Num_1,TACCTCTGATTTTGCTGCGC,65,Right_153_Num_1,GCGGCAATGCTCAATGGATA ,68,65,OK
Left_153_Num_2,AAATAAATCCCCGCGAGTGC,67,Right_153_Num_2,ATCCCCATTCTGCAATGTGC ,67,67,OK
Left_153_Num_3,CGAACTGGATCTCAACAGCG,66,Right_153_Num_3,GAATAGTGTATGCGGCGACC ,64,64,OK
Left_153_Num_4,GTTCGTGTCCGTACAACTGG,63,Right_153_Num_4,TTCTTCTTTCGTCCCCGTCA ,67,63,OK
Left_126_Num_0,GACTGGATGGAGGCGGATAA,66,Right_126_Num_0,CCCCAGTGCTGCAATGATAC ,65,65,OK
Left_126_Num_1,GATACCCGTCGTGGCTCTAA,64,Right_126_Num_1,GTTTTCCACGTACTGTCCGG ,64,64,OK
Left_126_Num_2,GTCTCGCGGTATCATTGCAG,66,Right_126_Num_2,GAGGCACCTATCTCAGCGAT ,63,63,OK
Left_126_Num_3,TTGTGGAGTTCAGCCGATCT,65,Right_126_Num_3,CCGCTCCCCTTATAAACCCA ,67,65,OK
Left_126_Num_4,TTCAGGTATTCGTCAGCCGT,65,Right_126_Num_4,AACACTGAGCGATGCATTCC ,65,65,OK
Left_100_Num_0,CAAGAACTCTGTAGCACCGC,63,Right_100_Num_0,TGAGTCCAACCCGGTAAGAC ,64,63,OK
Left_100_Num_1,AAATAAATCCCCGCGAGTGC,67,Right_100_Num_1,ACGAGTACGGTGGAAACGAT ,63,63,OK
Left_100_Num_2,ATCTGCGCCCATATCATCCA,67,Right_100_Num_2,TCCGAGTCACAGGAGAATGG ,65,65,OK
Left_100_Num_3,CCTTTACCGCTGATTCGTGG,67,Right_100_Num_3,AGCCTTGAAACAGTTCGTCG ,64,64,OK
Left_100_Num_4,AAAGGCCACCTGTTACTGGT,62,Right_100_Num_4,TGCAGGATATTCCCACCTCC ,66,62,
