ID 1	Primer 1 sequence	Tm 1	ID 2	Primer 2 sequence	Tm 2	Anneal temp	Notes
Left_7839_Num_0	TCTGCCCGTTACCCGAAAAA	67	Right_7839_Num_0	CAATGATACCGCGAGACCCA 	67	68	OK
Left_6389_Num_1	TGTGTGGAATTGTGAGCGGA	67	Right_6389_Num_1	GAAGGCGATGCGTGGAAATC 	67	68	OK
Left_5260_Num_0	CTGATACCGGGGTTGCTGAG	68	Right_5260_Num_0	CGTCATAGGACTCAGCGGTC 	67	68	OK
Left_4452_Num_0	ATCGTCTTTGGTGGTTCCCC	67	Right_4452_Num_0	CTCGTGCACCCAACTGATCT 	67	68	OK
Left_3820_Num_0	CGGAGGTGGGAATATCCTGC	68	Right_3820_Num_0	TGTGGGATGGTTTACAGGGC 	68	69	OK
Left_3358_Num_0	TTCATGCTGCACCAAGACCT	67	Right_3358_Num_0	GTGAGCAAAAGGCCAGCAAA 	67	68	OK
Left_2937_Num_0	ATCGTCTTTGGTGGTTCCCC	67	Right_2937_Num_0	TAACAGTCCGTCACACCGTG 	67	68	OK
Left_2660_Num_1	CAGTGGTCGTAGCAGTCGTT	67	Right_2660_Num_1	TTGGTACAGGCATAGCGTCC 	67	68	OK
Left_2384_Num_0	ACGAGAGAGGTACACCGACA	67	Right_2384_Num_0	CAGAGCGAGGTATGTAGGCG 	67	68	OK
Left_2107_Num_0	TTTGACTATGGCGACCGCTT	67	Right_2107_Num_0	TTCATTCAGCTCCGGTTCCC 	67	68	OK
Left_1905_Num_0	ACACCGGATCTGCACAACAT	67	Right_1905_Num_0	CTGGGGCTAGGCAAACAAGA 	68	68	OK
Left_1750_Num_0	GACCGCTGAGTCCTATGACG	67	Right_1750_Num_0	GTACCTGATACCAGCCGTCG 	67	68	OK
Left_1596_Num_0	CACGGTGTGACGGACTGTTA	67	Right_1596_Num_0	TCTTCGGGGCGAAAACTCTC 	67	68	OK
Left_1459_Num_0	TCCTGTTTTCTCTCGGTGCC	67	Right_1459_Num_0	CTTACCATCTGGCCCCAGTG 	68	68	OK
Left_1353_Num_1	TCACTGGCCGTCGTTTTACA	67	Right_1353_Num_1	CTTACCATCTGGCCCCAGTG 	68	68	OK
Left_1247_Num_0	AGGAGAAGCTGGATACCCGT	68	Right_1247_Num_0	GTCTGCCTGATGCTCCACTT 	67	68	OK
Left_1153_Num_1	CATCCGGTGCTGGTATGACA	67	Right_1153_Num_1	GTACCTGATACCAGCCGTCG 	67	68	OK
Left_1068_Num_0	GGATAATCTGGAGGCGACGG	68	Right_1068_Num_0	ACCTCTGACACATGCAGCTC 	67	68	OK
Left_982_Num_0	GACGGCTGGTATCAGGTACG	67	Right_982_Num_0	GGAATAAGGGCGACACGGAA 	67	68	OK
Left_896_Num_2	CCTGATGAGTTCGTGTCCGT	67	Right_896_Num_2	TCTGCCTGATGCTCCACTTG 	67	68	OK
Left_809_Num_1	GGCTGGCTGGTTTATTGCTG	67	Right_809_Num_1	CGCTTACCGGATACCTGTCC 	68	68	OK
Left_744_Num_0	GAGCTGCATGTGTCAGAGGT	67	Right_744_Num_0	TCCGGTTCCCAACGATCAAG 	67	68	OK
Left_684_Num_0	TGGGTCTCGCGGTATCATTG	67	Right_684_Num_0	GTGTAGGTCGTTCGCTCCAA 	67	68	OK
Left_629_Num_0	CTGCGCCCATATCATCCAGT	67	Right_629_Num_0	TAGAGATGGTCTTGGGGCGA 	68	68	OK
Left_577_Num_0	AACTGATACCGGGGTTGCTG	67	Right_577_Num_0	ACGGGTATCCAGCTTCTCCT 	68	68	OK
Left_528_Num_0	AGTCACCAATGTGGGACGTC	67	Right_528_Num_0	TGTGGGATGGTTTACAGGGC 	68	68	OK
Left_482_Num_0	CGGTGTGACGGACTGTTACA	67	Right_482_Num_0	CGTACCTGATACCAGCCGTC 	67	68	OK
Left_439_Num_0	AACTGATACCGGGGTTGCTG	67	Right_439_Num_0	GCTTTTTGCCATACCACGGG 	67	68	OK
Left_397_Num_0	GGGTCGTACAGAGTGGCATC	68	Right_397_Num_0	TTGATGTCCCAGAAGCGGTC 	67	68	OK
Left_361_Num_0	AAGCCCTCCCGTATCGTAGT	68	Right_361_Num_0	GATCCGGCAAACAAACCACC 	67	68	OK
Left_325_Num_0	TTTGACTATGGCGACCGCTT	67	Right_325_Num_0	CCGTCGCCTCCAGATTATCC 	68	68	OK
Left_291_Num_0	CCAGCGGTAACCACCAATCT	67	Right_291_Num_0	GGTACAGGCATAGCGTCCTC 	68	68	OK
Left_263_Num_0	GACAAGACACCGGATCTGCA	67	Right_263_Num_0	CGCCACTACATTCCTGGTGT 	67	68	OK
Left_235_Num_0	AGTCTCCGCAATTACACGCA	67	Right_235_Num_0	GCTACGGCGGGTTTTGTTTT 	67	68	OK
Left_207_Num_0	GCCCTGTAAACCATCCCACA	68	Right_207_Num_0	GACGGGAATGATGTTGGGGT 	68	69	OK
Left_180_Num_0	GAGGACGCTATGCCTGTACC	68	Right_180_Num_0	GTCGTCATAGGACTCAGCGG 	67	68	OK
Left_153_Num_0	GGGGAGCTGATCTCTGATGC	68	Right_153_Num_0	GATGTTGGGGTCACACAGGT 	67	68	OK
Left_126_Num_0	GAACCGTGATGTCAGCCTGA	67	Right_126_Num_0	ACATTTTCCCGGCTGAGAGG 	68	68	OK
Left_100_Num_1	GACCGCTGAGTCCTATGACG	67	Right_100_Num_1	CGTGAAGCTGGTATCTCCGG 	68	68	OK
